job_id,workload_name,profile,submission_time,requested_number_of_resources,requested_time,success,final_state,starting_time,execution_time,finish_time,waiting_time,turnaround_time,stretch,allocated_resources,consumed_energy,metadata
0,w0,ft.D.8,57.245384,8,300.000000,1,COMPLETED_SUCCESSFULLY,57.246584,172.940000,230.186584,0.001200,172.941200,1.000007,0-7,-1.000000,""
1,w0,ft.C.8,61.187824,8,300.000000,1,COMPLETED_SUCCESSFULLY,61.189624,170.800000,231.989624,0.001800,170.801800,1.000011,8-15,-1.000000,""
2,w0,ft.C.4,108.794942,4,200.000000,1,COMPLETED_SUCCESSFULLY,108.796742,138.160000,246.956742,0.001800,138.161800,1.000013,16-19,-1.000000,""
3,w0,ft.D.8,110.037647,8,300.000000,1,COMPLETED_SUCCESSFULLY,110.039447,172.940000,282.979447,0.001800,172.941800,1.000010,20-27,-1.000000,""
4,w0,ft.C.16,249.040857,16,200.000000,1,COMPLETED_SUCCESSFULLY,249.042657,113.800000,362.842657,0.001800,113.801800,1.000016,0-15,-1.000000,""
5,w0,ft.D.16,361.025784,16,200.000000,1,COMPLETED_SUCCESSFULLY,361.027584,113.940000,474.967584,0.001800,113.941800,1.000016,16-31,-1.000000,""
7,w0,ft.D.16,423.422515,16,200.000000,1,COMPLETED_SUCCESSFULLY,423.424315,113.940000,537.364315,0.001800,113.941800,1.000016,32-47,-1.000000,""
8,w0,lu.B.4,451.212430,4,200.000000,1,COMPLETED_SUCCESSFULLY,451.214230,88.580000,539.794230,0.001800,88.581800,1.000020,8-11,-1.000000,""
6,w0,ft.C.8,418.268707,8,300.000000,1,COMPLETED_SUCCESSFULLY,418.270507,170.800000,589.070507,0.001800,170.801800,1.000011,0-7,-1.000000,""
11,w0,ft.D.4,516.599412,4,200.000000,1,COMPLETED_SUCCESSFULLY,516.601212,137.250000,653.851212,0.001800,137.251800,1.000013,56-59,-1.000000,""
12,w0,lu.B.4,576.414800,4,200.000000,1,COMPLETED_SUCCESSFULLY,576.416600,88.580000,664.996600,0.001800,88.581800,1.000020,8-11,-1.000000,""
10,w0,ft.D.8,495.200553,8,300.000000,1,COMPLETED_SUCCESSFULLY,495.202353,172.940000,668.142353,0.001800,172.941800,1.000010,48-55,-1.000000,""
9,w0,is.D.32,459.633851,32,200.000000,1,COMPLETED_SUCCESSFULLY,537.366515,135.100000,672.466515,77.732664,212.832664,1.575371,12-43,-1.000000,""
13,w0,ft.C.8,636.697746,8,300.000000,1,COMPLETED_SUCCESSFULLY,636.699546,170.800000,807.499546,0.001800,170.801800,1.000011,0-7,-1.000000,""
14,w0,ft.D.8,689.482942,8,300.000000,1,COMPLETED_SUCCESSFULLY,689.484742,172.940000,862.424742,0.001800,172.941800,1.000010,8-15,-1.000000,""
15,w0,ft.D.8,731.152130,8,300.000000,1,COMPLETED_SUCCESSFULLY,731.153930,172.940000,904.093930,0.001800,172.941800,1.000010,16-23,-1.000000,""
18,w0,lu.C.16,810.990397,16,200.000000,1,COMPLETED_SUCCESSFULLY,810.992197,104.880000,915.872197,0.001800,104.881800,1.000017,28-43,-1.000000,""
19,w0,lu.C.16,820.191347,16,200.000000,1,COMPLETED_SUCCESSFULLY,820.193147,104.880000,925.073147,0.001800,104.881800,1.000017,44-59,-1.000000,""
16,w0,ft.C.4,790.030254,4,200.000000,1,COMPLETED_SUCCESSFULLY,790.032054,138.160000,928.192054,0.001800,138.161800,1.000013,24-27,-1.000000,""
17,w0,ft.C.8,810.761378,8,300.000000,1,COMPLETED_SUCCESSFULLY,810.763178,170.800000,981.563178,0.001800,170.801800,1.000011,0-7,-1.000000,""
21,w0,ft.D.4,921.091214,4,200.000000,1,COMPLETED_SUCCESSFULLY,921.093014,137.250000,1058.343014,0.001800,137.251800,1.000013,40-43,-1.000000,""
22,w0,ft.D.8,945.601620,8,300.000000,1,COMPLETED_SUCCESSFULLY,945.603420,172.940000,1118.543420,0.001800,172.941800,1.000010,44-51,-1.000000,""
23,w0,ft.C.4,1009.668137,4,200.000000,1,COMPLETED_SUCCESSFULLY,1009.669937,138.160000,1147.829937,0.001800,138.161800,1.000013,0-3,-1.000000,""
24,w0,ft.C.8,1033.800307,8,300.000000,1,COMPLETED_SUCCESSFULLY,1033.802107,170.800000,1204.602107,0.001800,170.801800,1.000011,52-59,-1.000000,""
28,w0,ft.C.4,1084.985970,4,200.000000,1,COMPLETED_SUCCESSFULLY,1084.987770,138.160000,1223.147770,0.001800,138.161800,1.000013,40-43,-1.000000,""
29,w0,ft.D.4,1089.591707,4,200.000000,1,COMPLETED_SUCCESSFULLY,1089.593507,137.250000,1226.843507,0.001800,137.251800,1.000013,60-63,-1.000000,""
25,w0,ft.D.8,1038.438684,8,300.000000,1,COMPLETED_SUCCESSFULLY,1118.545620,172.940000,1291.485620,80.106937,253.046937,1.463207,44-51,-1.000000,""
26,w0,ft.C.8,1045.770139,8,300.000000,1,COMPLETED_SUCCESSFULLY,1147.832137,170.800000,1318.632137,102.061998,272.861998,1.597553,0-7,-1.000000,""
27,w0,ft.D.16,1070.027026,16,200.000000,1,COMPLETED_SUCCESSFULLY,1291.487820,113.940000,1405.427820,221.460794,335.400794,2.943662,40-55,-1.000000,""
31,w0,ft.C.4,1275.089868,4,200.000000,1,COMPLETED_SUCCESSFULLY,1275.091668,138.160000,1413.251668,0.001800,138.161800,1.000013,56-59,-1.000000,""
32,w0,ft.C.16,1425.938864,16,200.000000,1,COMPLETED_SUCCESSFULLY,1425.940664,113.800000,1539.740664,0.001800,113.801800,1.000016,40-55,-1.000000,""
34,w0,ft.D.8,1479.173215,8,300.000000,1,COMPLETED_SUCCESSFULLY,1479.175015,172.940000,1652.115015,0.001800,172.941800,1.000010,0-7,-1.000000,""
33,w0,ft.D.16,1436.041541,16,200.000000,1,COMPLETED_SUCCESSFULLY,1539.742864,113.940000,1653.682864,103.701323,217.641323,1.910140,40-55,-1.000000,""
35,w0,ft.C.4,1616.733310,4,200.000000,1,COMPLETED_SUCCESSFULLY,1616.735110,138.160000,1754.895110,0.001800,138.161800,1.000013,56-59,-1.000000,""
36,w0,ft.C.16,1631.596942,16,200.000000,1,COMPLETED_SUCCESSFULLY,1653.685064,113.800000,1767.485064,22.088122,135.888122,1.194096,40-55,-1.000000,""
37,w0,ft.C.8,1664.501428,8,300.000000,1,COMPLETED_SUCCESSFULLY,1664.503229,170.800000,1835.303229,0.001800,170.801800,1.000011,0-7,-1.000000,""
39,w0,ft.C.8,1814.511069,8,300.000000,1,COMPLETED_SUCCESSFULLY,1814.512870,170.800000,1985.312870,0.001801,170.801801,1.000011,40-47,-1.000000,""
40,w0,lu.B.4,1905.263833,4,200.000000,1,COMPLETED_SUCCESSFULLY,1905.265633,88.580000,1993.845633,0.001800,88.581800,1.000020,0-3,-1.000000,""
41,w0,ft.D.8,1919.307040,8,300.000000,1,COMPLETED_SUCCESSFULLY,1919.308840,172.940000,2092.248840,0.001800,172.941800,1.000010,48-55,-1.000000,""
44,w0,lu.B.4,2040.535621,4,200.000000,1,COMPLETED_SUCCESSFULLY,2040.537421,88.580000,2129.117421,0.001800,88.581800,1.000020,40-43,-1.000000,""
42,w0,ft.D.8,2011.281958,8,300.000000,1,COMPLETED_SUCCESSFULLY,2011.283758,172.940000,2184.223758,0.001800,172.941800,1.000010,0-7,-1.000000,""
43,w0,ft.C.16,2023.680998,16,200.000000,1,COMPLETED_SUCCESSFULLY,2092.251040,113.800000,2206.051040,68.570042,182.370042,1.602549,44-59,-1.000000,""
48,w0,lu.B.4,2179.539803,4,200.000000,1,COMPLETED_SUCCESSFULLY,2179.541603,88.580000,2268.121603,0.001800,88.581800,1.000020,40-43,-1.000000,""
47,w0,ft.D.16,2119.058271,16,200.000000,1,COMPLETED_SUCCESSFULLY,2206.053240,113.940000,2319.993240,86.994969,200.934969,1.763516,44-59,-1.000000,""
50,w0,ft.D.4,2214.774236,4,200.000000,1,COMPLETED_SUCCESSFULLY,2214.776036,137.250000,2352.026036,0.001800,137.251800,1.000013,60-63,-1.000000,""
46,w0,ft.C.8,2102.507194,8,300.000000,1,COMPLETED_SUCCESSFULLY,2184.225958,170.800000,2355.025958,81.718764,252.518764,1.478447,0-7,-1.000000,""
20,w0,ft.E.32,853.950088,32,2400.000000,1,COMPLETED_SUCCESSFULLY,928.194254,1440.490000,2368.684254,74.244166,1514.734166,1.051541,8-39,-1.000000,""
52,w0,ft.C.4,2257.415178,4,200.000000,1,COMPLETED_SUCCESSFULLY,2268.123803,138.160000,2406.283803,10.708625,148.868625,1.077509,40-43,-1.000000,""
49,w0,lu.C.16,2211.584289,16,200.000000,1,COMPLETED_SUCCESSFULLY,2319.995440,104.880000,2424.875440,108.411151,213.291151,2.033668,44-59,-1.000000,""
55,w0,ft.C.4,2388.965321,4,200.000000,1,COMPLETED_SUCCESSFULLY,2388.967121,138.160000,2527.127121,0.001800,138.161800,1.000013,60-63,-1.000000,""
51,w0,ft.D.8,2232.932633,8,300.000000,1,COMPLETED_SUCCESSFULLY,2355.028158,172.940000,2527.968158,122.095526,295.035526,1.705999,0-7,-1.000000,""
57,w0,ft.D.4,2440.320172,4,200.000000,1,COMPLETED_SUCCESSFULLY,2440.321972,137.250000,2577.571972,0.001800,137.251800,1.000013,56-59,-1.000000,""
53,w0,ft.C.8,2327.390771,8,300.000000,1,COMPLETED_SUCCESSFULLY,2424.877640,170.800000,2595.677640,97.486869,268.286869,1.570766,40-47,-1.000000,""
54,w0,ft.D.8,2334.461205,8,300.000000,1,COMPLETED_SUCCESSFULLY,2424.878240,172.940000,2597.818240,90.417036,263.357036,1.522823,48-55,-1.000000,""
58,w0,ft.D.4,2460.175328,4,200.000000,1,COMPLETED_SUCCESSFULLY,2527.129321,137.250000,2664.379321,66.953993,204.203993,1.487825,60-63,-1.000000,""
56,w0,ft.D.16,2438.703114,16,200.000000,1,COMPLETED_SUCCESSFULLY,2597.820440,113.940000,2711.760440,159.117326,273.057326,2.396501,40-55,-1.000000,""
60,w0,lu.B.4,2681.070739,4,200.000000,1,COMPLETED_SUCCESSFULLY,2681.072539,88.580000,2769.652539,0.001800,88.581800,1.000020,56-59,-1.000000,""
59,w0,ft.D.8,2600.189452,8,300.000000,1,COMPLETED_SUCCESSFULLY,2600.191252,172.940000,2773.131252,0.001800,172.941800,1.000010,0-7,-1.000000,""
61,w0,ft.C.8,2712.271461,8,300.000000,1,COMPLETED_SUCCESSFULLY,2712.273261,170.800000,2883.073261,0.001800,170.801800,1.000011,40-47,-1.000000,""
62,w0,ft.C.4,2780.858298,4,200.000000,1,COMPLETED_SUCCESSFULLY,2780.860098,138.160000,2919.020098,0.001800,138.161800,1.000013,0-3,-1.000000,""
63,w0,ft.D.4,2782.535046,4,200.000000,1,COMPLETED_SUCCESSFULLY,2782.536846,137.250000,2919.786846,0.001800,137.251800,1.000013,4-7,-1.000000,""
65,w0,ft.C.8,2810.060393,8,300.000000,1,COMPLETED_SUCCESSFULLY,2810.062193,170.800000,2980.862193,0.001800,170.801800,1.000011,48-55,-1.000000,""
68,w0,lu.B.4,2905.017860,4,200.000000,1,COMPLETED_SUCCESSFULLY,2905.019660,88.580000,2993.599660,0.001800,88.581800,1.000020,40-43,-1.000000,""
66,w0,ft.D.8,2837.250765,8,300.000000,1,COMPLETED_SUCCESSFULLY,2837.252565,172.940000,3010.192565,0.001800,172.941800,1.000010,56-63,-1.000000,""
67,w0,lu.C.16,2897.408125,16,200.000000,1,COMPLETED_SUCCESSFULLY,2993.601860,104.880000,3098.481860,96.193736,201.073736,1.917179,40-55,-1.000000,""
71,w0,lu.B.4,3109.277736,4,200.000000,1,COMPLETED_SUCCESSFULLY,3109.279536,88.580000,3197.859536,0.001800,88.581800,1.000020,0-3,-1.000000,""
69,w0,ft.C.16,2954.439700,16,200.000000,1,COMPLETED_SUCCESSFULLY,3098.484060,113.800000,3212.284060,144.044360,257.844360,2.265768,40-55,-1.000000,""
73,w0,ft.C.8,3135.128894,8,300.000000,1,COMPLETED_SUCCESSFULLY,3135.130694,170.800000,3305.930694,0.001800,170.801800,1.000011,56-63,-1.000000,""
74,w0,lu.C.16,3158.278715,16,200.000000,1,COMPLETED_SUCCESSFULLY,3212.286260,104.880000,3317.166260,54.007545,158.887545,1.514946,40-55,-1.000000,""
75,w0,ft.D.8,3165.805102,8,300.000000,1,COMPLETED_SUCCESSFULLY,3197.861736,172.940000,3370.801736,32.056634,204.996634,1.185363,0-7,-1.000000,""
76,w0,ft.D.8,3315.516571,8,300.000000,1,COMPLETED_SUCCESSFULLY,3315.518371,172.940000,3488.458371,0.001800,172.941800,1.000010,56-63,-1.000000,""
77,w0,ft.C.8,3327.512856,8,300.000000,1,COMPLETED_SUCCESSFULLY,3327.514656,170.800000,3498.314656,0.001800,170.801800,1.000011,40-47,-1.000000,""
79,w0,ft.C.4,3365.161524,4,200.000000,1,COMPLETED_SUCCESSFULLY,3365.163324,138.160000,3503.323324,0.001800,138.161800,1.000013,48-51,-1.000000,""
78,w0,ft.D.16,3335.070958,16,200.000000,1,COMPLETED_SUCCESSFULLY,3503.325524,113.940000,3617.265524,168.254566,282.194566,2.476694,48-63,-1.000000,""
80,w0,ft.D.8,3471.593620,8,300.000000,1,COMPLETED_SUCCESSFULLY,3471.595420,172.940000,3644.535420,0.001800,172.941800,1.000010,0-7,-1.000000,""
81,w0,ft.D.8,3498.927217,8,300.000000,1,COMPLETED_SUCCESSFULLY,3498.929017,172.940000,3671.869017,0.001800,172.941800,1.000010,40-47,-1.000000,""
83,w0,lu.C.16,3528.239283,16,200.000000,1,COMPLETED_SUCCESSFULLY,3617.267724,104.880000,3722.147724,89.028441,193.908441,1.848860,48-63,-1.000000,""
30,w0,ft.D.32,1224.337257,32,2400.000000,1,COMPLETED_SUCCESSFULLY,2368.686454,1446.030000,3814.716454,1144.349197,2590.379197,1.791373,8-39,-1.000000,""
82,w0,ft.D.8,3515.363502,8,300.000000,1,COMPLETED_SUCCESSFULLY,3644.537620,172.940000,3817.477620,129.174118,302.114118,1.746930,0-7,-1.000000,""
87,w0,ft.C.16,3685.623286,16,200.000000,1,COMPLETED_SUCCESSFULLY,3722.149924,113.800000,3835.949924,36.526638,150.326638,1.320972,48-63,-1.000000,""
84,w0,ft.C.8,3585.859896,8,300.000000,1,COMPLETED_SUCCESSFULLY,3671.871217,170.800000,3842.671217,86.011321,256.811321,1.503579,40-47,-1.000000,""
89,w0,ft.D.16,3758.394825,16,200.000000,1,COMPLETED_SUCCESSFULLY,3835.952124,113.940000,3949.892124,77.557299,191.497299,1.680685,48-63,-1.000000,""
90,w0,ft.C.4,3789.824881,4,200.000000,1,COMPLETED_SUCCESSFULLY,3817.479820,138.160000,3955.639820,27.654939,165.814939,1.200166,0-3,-1.000000,""
91,w0,ft.C.4,3802.277991,4,200.000000,1,COMPLETED_SUCCESSFULLY,3817.480420,138.160000,3955.640420,15.202429,153.362429,1.110035,4-7,-1.000000,""
85,w0,ft.C.8,3600.807046,8,300.000000,1,COMPLETED_SUCCESSFULLY,3842.673417,170.800000,4013.473417,241.866371,412.666371,2.416079,40-47,-1.000000,""
93,w0,ft.D.16,3918.235167,16,200.000000,1,COMPLETED_SUCCESSFULLY,3949.894324,113.940000,4063.834324,31.659157,145.599157,1.277858,48-63,-1.000000,""
97,w0,lu.B.4,3989.743946,4,200.000000,1,COMPLETED_SUCCESSFULLY,4013.475617,88.580000,4102.055617,23.731671,112.311671,1.267912,40-43,-1.000000,""
88,w0,ft.D.8,3707.880822,8,300.000000,1,COMPLETED_SUCCESSFULLY,3955.643620,172.940000,4128.583620,247.762799,420.702799,2.432652,0-7,-1.000000,""
98,w0,ft.C.4,3990.995664,4,200.000000,1,COMPLETED_SUCCESSFULLY,4013.476217,138.160000,4151.636217,22.480553,160.640553,1.162714,44-47,-1.000000,""
94,w0,ft.D.16,3941.294483,16,200.000000,1,COMPLETED_SUCCESSFULLY,4063.836524,113.940000,4177.776524,122.542041,236.482041,2.075496,48-63,-1.000000,""
99,w0,ft.C.4,4022.260763,4,200.000000,1,COMPLETED_SUCCESSFULLY,4102.057817,138.160000,4240.217817,79.797054,217.957054,1.577570,40-43,-1.000000,""
100,w0,ft.D.4,4093.697012,4,200.000000,1,COMPLETED_SUCCESSFULLY,4128.585820,137.250000,4265.835820,34.888808,172.138808,1.254199,0-3,-1.000000,""
101,w0,ft.C.4,4125.228483,4,200.000000,1,COMPLETED_SUCCESSFULLY,4128.586420,138.160000,4266.746420,3.357937,141.517937,1.024305,4-7,-1.000000,""
95,w0,ft.C.8,3946.370868,8,300.000000,1,COMPLETED_SUCCESSFULLY,4177.778724,170.800000,4348.578724,231.407856,402.207856,2.354847,44-51,-1.000000,""
96,w0,ft.C.8,3989.583265,8,300.000000,1,COMPLETED_SUCCESSFULLY,4177.779324,170.800000,4348.579324,188.196059,358.996059,2.101850,52-59,-1.000000,""
103,w0,ft.C.4,4252.781684,4,200.000000,1,COMPLETED_SUCCESSFULLY,4252.783484,138.160000,4390.943484,0.001800,138.161800,1.000013,40-43,-1.000000,""
108,w0,lu.B.4,4339.795784,4,200.000000,1,COMPLETED_SUCCESSFULLY,4339.797584,88.580000,4428.377584,0.001800,88.581800,1.000020,60-63,-1.000000,""
102,w0,ft.C.8,4159.037981,8,300.000000,1,COMPLETED_SUCCESSFULLY,4266.748620,170.800000,4437.548620,107.710639,278.510639,1.630624,0-7,-1.000000,""
105,w0,ft.D.8,4281.647542,8,300.000000,1,COMPLETED_SUCCESSFULLY,4348.582524,172.940000,4521.522524,66.934982,239.874982,1.387042,44-51,-1.000000,""
107,w0,ft.D.8,4312.681270,8,300.000000,1,COMPLETED_SUCCESSFULLY,4348.583124,172.940000,4521.523124,35.901854,208.841854,1.207597,52-59,-1.000000,""
112,w0,lu.B.4,4466.207021,4,200.000000,1,COMPLETED_SUCCESSFULLY,4466.208821,88.580000,4554.788821,0.001800,88.581800,1.000020,40-43,-1.000000,""
113,w0,lu.B.4,4485.924003,4,200.000000,1,COMPLETED_SUCCESSFULLY,4485.925803,88.580000,4574.505803,0.001800,88.581800,1.000020,60-63,-1.000000,""
109,w0,ft.C.8,4372.353144,8,300.000000,1,COMPLETED_SUCCESSFULLY,4437.550820,170.800000,4608.350820,65.197677,235.997677,1.381719,0-7,-1.000000,""
114,w0,lu.B.4,4521.047981,4,200.000000,1,COMPLETED_SUCCESSFULLY,4521.526324,88.580000,4610.106324,0.478343,89.058343,1.005400,44-47,-1.000000,""
104,w0,lu.C.16,4258.656494,16,200.000000,1,COMPLETED_SUCCESSFULLY,4574.508003,104.880000,4679.388003,315.851509,420.731509,4.011551,48-63,-1.000000,""
117,w0,ft.D.8,4614.348921,8,300.000000,1,COMPLETED_SUCCESSFULLY,4614.350721,172.940000,4787.290721,0.001800,172.941800,1.000010,0-7,-1.000000,""
106,w0,ft.D.16,4281.681345,16,200.000000,1,COMPLETED_SUCCESSFULLY,4679.390203,113.940000,4793.330203,397.708858,511.648858,4.490511,40-55,-1.000000,""
115,w0,lu.C.16,4532.429137,16,200.000000,1,COMPLETED_SUCCESSFULLY,4793.332403,104.880000,4898.212403,260.903266,365.783266,3.487636,40-55,-1.000000,""
120,w0,ft.C.8,4755.932293,8,300.000000,1,COMPLETED_SUCCESSFULLY,4755.934093,170.800000,4926.734093,0.001800,170.801800,1.000011,56-63,-1.000000,""
121,w0,ft.C.8,4802.837408,8,300.000000,1,COMPLETED_SUCCESSFULLY,4802.839208,170.800000,4973.639208,0.001800,170.801800,1.000011,0-7,-1.000000,""
116,w0,ft.C.16,4553.331503,16,200.000000,1,COMPLETED_SUCCESSFULLY,4898.214603,113.800000,5012.014603,344.883100,458.683100,4.030607,40-55,-1.000000,""
122,w0,lu.B.4,4817.356817,4,200.000000,1,COMPLETED_SUCCESSFULLY,4926.736293,88.580000,5015.316293,109.379477,197.959477,2.234810,56-59,-1.000000,""
127,w0,lu.B.4,4906.481406,4,200.000000,1,COMPLETED_SUCCESSFULLY,4926.736893,88.580000,5015.316893,20.255488,108.835488,1.228669,60-63,-1.000000,""
119,w0,lu.C.16,4743.298881,16,200.000000,1,COMPLETED_SUCCESSFULLY,5012.016803,104.880000,5116.896803,268.717922,373.597922,3.562146,40-55,-1.000000,""
123,w0,ft.D.8,4829.894277,8,300.000000,1,COMPLETED_SUCCESSFULLY,4973.641408,172.940000,5146.581408,143.747131,316.687131,1.831197,0-7,-1.000000,""
124,w0,ft.C.8,4837.277815,8,300.000000,1,COMPLETED_SUCCESSFULLY,5015.320093,170.800000,5186.120093,178.042278,348.842278,2.042402,56-63,-1.000000,""
125,w0,lu.C.16,4849.853131,16,200.000000,1,COMPLETED_SUCCESSFULLY,5116.899003,104.880000,5221.779003,267.045872,371.925872,3.546204,40-55,-1.000000,""
38,w0,ft.D.32,1795.520466,32,2400.000000,1,COMPLETED_SUCCESSFULLY,3814.718654,1446.030000,5260.748654,2019.198188,3465.228188,2.396374,8-39,-1.000000,""
133,w0,ft.D.4,5092.997100,4,200.000000,1,COMPLETED_SUCCESSFULLY,5146.584208,137.250000,5283.834208,53.587108,190.837108,1.390434,4-7,-1.000000,""
132,w0,ft.C.4,5065.877672,4,200.000000,1,COMPLETED_SUCCESSFULLY,5146.583608,138.160000,5284.743608,80.705936,218.865936,1.584148,0-3,-1.000000,""
134,w0,ft.C.4,5159.316561,4,200.000000,1,COMPLETED_SUCCESSFULLY,5186.122293,138.160000,5324.282293,26.805732,164.965732,1.194019,56-59,-1.000000,""
129,w0,ft.D.16,5020.147606,16,200.000000,1,COMPLETED_SUCCESSFULLY,5221.781203,113.940000,5335.721203,201.633598,315.573598,2.769647,40-55,-1.000000,""
137,w0,ft.D.4,5202.654275,4,200.000000,1,COMPLETED_SUCCESSFULLY,5202.656075,137.250000,5339.906075,0.001800,137.251800,1.000013,60-63,-1.000000,""
45,w0,is.D.64,2098.967922,64,200.000000,1,COMPLETED_SUCCESSFULLY,5339.908275,78.660000,5418.568275,3240.940353,3319.600353,42.201886,0-63,-1.000000,""
64,w0,ft.D.32,2798.813700,32,2400.000000,1,COMPLETED_SUCCESSFULLY,5418.570475,1446.030000,6864.600475,2619.756776,4065.786776,2.811689,0-31,-1.000000,""
70,w0,ft.D.32,3044.121431,32,2400.000000,1,COMPLETED_SUCCESSFULLY,5418.571075,1446.030000,6864.601075,2374.449644,3820.479644,2.642047,32-63,-1.000000,""
86,w0,ft.E.128,3608.028550,128,600.000000,0,REJECTED,,,,,,,,,""
92,w0,is.D.32,3805.700668,32,200.000000,1,COMPLETED_SUCCESSFULLY,6864.605475,135.100000,6999.705475,3058.904807,3194.004807,23.641782,32-63,-1.000000,""
110,w0,is.D.32,4400.965600,32,200.000000,1,COMPLETED_SUCCESSFULLY,6999.707675,135.100000,7134.807675,2598.742075,2733.842075,20.235693,32-63,-1.000000,""
111,w0,is.D.32,4422.000825,32,200.000000,1,COMPLETED_SUCCESSFULLY,7134.809875,135.100000,7269.909875,2712.809050,2847.909050,21.080008,32-63,-1.000000,""
72,w0,ft.D.32,3123.483431,32,2400.000000,1,COMPLETED_SUCCESSFULLY,6864.604275,1446.030000,8310.634275,3741.120844,5187.150844,3.587167,0-31,-1.000000,""
141,w0,lu.B.4,5258.954928,4,200.000000,1,COMPLETED_SUCCESSFULLY,8310.638275,88.580000,8399.218275,3051.683347,3140.263347,35.451155,28-31,-1.000000,""
136,w0,lu.C.16,5183.668466,16,200.000000,1,COMPLETED_SUCCESSFULLY,8310.637075,104.880000,8415.517075,3126.968609,3231.848609,30.814727,8-23,-1.000000,""
138,w0,ft.D.4,5227.492977,4,200.000000,1,COMPLETED_SUCCESSFULLY,8310.637675,137.250000,8447.887675,3083.144698,3220.394698,23.463714,24-27,-1.000000,""
126,w0,ft.D.8,4857.420355,8,300.000000,1,COMPLETED_SUCCESSFULLY,8310.636475,172.940000,8483.576475,3453.216120,3626.156120,20.967712,0-7,-1.000000,""
142,w0,lu.B.4,5265.562797,4,200.000000,1,COMPLETED_SUCCESSFULLY,8399.220475,88.580000,8487.800475,3133.657678,3222.237678,36.376583,28-31,-1.000000,""
152,w0,lu.B.4,5686.229729,4,200.000000,1,COMPLETED_SUCCESSFULLY,8415.521075,88.580000,8504.101075,2729.291346,2817.871346,31.811598,20-23,-1.000000,""
143,w0,ft.C.4,5268.877130,4,200.000000,1,COMPLETED_SUCCESSFULLY,8415.519275,138.160000,8553.679275,3146.642145,3284.802145,23.775348,8-11,-1.000000,""
145,w0,ft.C.4,5292.982969,4,200.000000,1,COMPLETED_SUCCESSFULLY,8415.519875,138.160000,8553.679875,3122.536906,3260.696906,23.600875,12-15,-1.000000,""
146,w0,ft.C.4,5347.582177,4,200.000000,1,COMPLETED_SUCCESSFULLY,8415.520475,138.160000,8553.680475,3067.938298,3206.098298,23.205691,16-19,-1.000000,""
158,w0,lu.B.4,5872.642644,4,200.000000,1,COMPLETED_SUCCESSFULLY,8483.578675,88.580000,8572.158675,2610.936031,2699.516031,30.475458,0-3,-1.000000,""
156,w0,ft.D.4,5788.514479,4,200.000000,1,COMPLETED_SUCCESSFULLY,8447.889875,137.250000,8585.139875,2659.375396,2796.625396,20.376141,24-27,-1.000000,""
167,w0,lu.B.4,6169.082485,4,200.000000,1,COMPLETED_SUCCESSFULLY,8504.103275,88.580000,8592.683275,2335.020790,2423.600790,27.360587,20-23,-1.000000,""
164,w0,ft.D.4,6111.248639,4,200.000000,1,COMPLETED_SUCCESSFULLY,8483.579275,137.250000,8620.829275,2372.330636,2509.580636,18.284741,4-7,-1.000000,""
165,w0,ft.C.4,6125.543997,4,200.000000,1,COMPLETED_SUCCESSFULLY,8487.802675,138.160000,8625.962675,2362.258678,2500.418678,18.097993,28-31,-1.000000,""
170,w0,lu.B.4,6377.472526,4,200.000000,1,COMPLETED_SUCCESSFULLY,8553.685275,88.580000,8642.265275,2176.212750,2264.792750,25.567766,12-15,-1.000000,""
171,w0,lu.B.4,6432.391707,4,200.000000,1,COMPLETED_SUCCESSFULLY,8553.685875,88.580000,8642.265875,2121.294168,2209.874168,24.947778,16-19,-1.000000,""
190,w0,lu.B.4,7217.521180,4,200.000000,1,COMPLETED_SUCCESSFULLY,8592.685475,88.580000,8681.265475,1375.164295,1463.744295,16.524546,20-23,-1.000000,""
168,w0,ft.D.4,6203.131641,4,200.000000,1,COMPLETED_SUCCESSFULLY,8553.684675,137.250000,8690.934675,2350.553035,2487.803035,18.126069,8-11,-1.000000,""
191,w0,lu.B.4,7307.799061,4,200.000000,1,COMPLETED_SUCCESSFULLY,8620.831475,88.580000,8709.411475,1313.032414,1401.612414,15.823125,4-7,-1.000000,""
173,w0,ft.C.4,6475.293275,4,200.000000,1,COMPLETED_SUCCESSFULLY,8572.160875,138.160000,8710.320875,2096.867600,2235.027600,16.177096,0-3,-1.000000,""
118,w0,ft.E.32,4711.866731,32,2400.000000,1,COMPLETED_SUCCESSFULLY,7269.912075,1440.490000,8710.402075,2558.045344,3998.535344,2.775816,32-63,-1.000000,""
175,w0,ft.C.4,6550.251066,4,200.000000,1,COMPLETED_SUCCESSFULLY,8585.142075,138.160000,8723.302075,2034.891009,2173.051009,15.728510,24-27,-1.000000,""
192,w0,ft.D.4,7348.205174,4,200.000000,1,COMPLETED_SUCCESSFULLY,8625.964875,137.250000,8763.214875,1277.759702,1415.009702,10.309725,28-31,-1.000000,""
193,w0,ft.D.4,7365.714175,4,200.000000,1,COMPLETED_SUCCESSFULLY,8642.269075,137.250000,8779.519075,1276.554900,1413.804900,10.300946,12-15,-1.000000,""
195,w0,ft.D.4,7552.539819,4,200.000000,1,COMPLETED_SUCCESSFULLY,8642.269675,137.250000,8779.519675,1089.729856,1226.979856,8.939744,16-19,-1.000000,""
196,w0,ft.D.4,7575.271136,4,200.000000,1,COMPLETED_SUCCESSFULLY,8681.267675,137.250000,8818.517675,1105.996539,1243.246539,9.058263,20-23,-1.000000,""
199,w0,ft.C.4,7670.268402,4,200.000000,1,COMPLETED_SUCCESSFULLY,8690.936875,138.160000,8829.096875,1020.668473,1158.828473,8.387583,8-11,-1.000000,""
205,w0,ft.D.4,8183.595593,4,200.000000,1,COMPLETED_SUCCESSFULLY,8710.323075,137.250000,8847.573075,526.727482,663.977482,4.837723,0-3,-1.000000,""
201,w0,ft.C.4,7809.420100,4,200.000000,1,COMPLETED_SUCCESSFULLY,8709.413675,138.160000,8847.573675,899.993575,1038.153575,7.514140,4-7,-1.000000,""
128,w0,is.D.64,5011.723659,64,200.000000,1,COMPLETED_SUCCESSFULLY,8847.576875,78.660000,8926.236875,3835.853216,3914.513216,49.764979,0-63,-1.000000,""
206,w0,lu.B.4,8192.581383,4,200.000000,1,COMPLETED_SUCCESSFULLY,8926.241475,88.580000,9014.821475,733.660092,822.240092,9.282458,56-59,-1.000000,""
210,w0,ft.D.4,8350.647081,4,200.000000,1,COMPLETED_SUCCESSFULLY,8926.242075,137.250000,9063.492075,575.594994,712.844994,5.193770,60-63,-1.000000,""
130,w0,ft.D.8,5054.984351,8,300.000000,1,COMPLETED_SUCCESSFULLY,8926.239075,172.940000,9099.179075,3871.254724,4044.194724,23.384959,0-7,-1.000000,""
135,w0,ft.D.8,5176.085524,8,300.000000,1,COMPLETED_SUCCESSFULLY,8926.240275,172.940000,9099.180275,3750.154751,3923.094751,22.684716,40-47,-1.000000,""
139,w0,ft.D.8,5243.519081,8,300.000000,1,COMPLETED_SUCCESSFULLY,8926.240875,172.940000,9099.180875,3682.721794,3855.661794,22.294795,48-55,-1.000000,""
212,w0,lu.B.4,8411.636846,4,200.000000,1,COMPLETED_SUCCESSFULLY,9014.823675,88.580000,9103.403675,603.186830,691.766830,7.809515,56-59,-1.000000,""
220,w0,lu.B.4,8573.812821,4,200.000000,1,COMPLETED_SUCCESSFULLY,9099.185075,88.580000,9187.765075,525.372254,613.952254,6.931048,4-7,-1.000000,""
223,w0,lu.B.4,8618.936543,4,200.000000,1,COMPLETED_SUCCESSFULLY,9099.185675,88.580000,9187.765675,480.249133,568.829133,6.421643,40-43,-1.000000,""
226,w0,lu.B.4,8649.576803,4,200.000000,1,COMPLETED_SUCCESSFULLY,9099.186875,88.580000,9187.766875,449.610073,538.190073,6.075752,48-51,-1.000000,""
235,w0,lu.B.4,9003.959650,4,200.000000,1,COMPLETED_SUCCESSFULLY,9103.405875,88.580000,9191.985875,99.446226,188.026226,2.122671,56-59,-1.000000,""
215,w0,ft.D.4,8441.637581,4,200.000000,1,COMPLETED_SUCCESSFULLY,9063.494275,137.250000,9200.744275,621.856695,759.106695,5.530832,60-63,-1.000000,""
233,w0,ft.D.4,8831.586429,4,200.000000,1,COMPLETED_SUCCESSFULLY,9099.187475,137.250000,9236.437475,267.601046,404.851046,2.949734,52-55,-1.000000,""
219,w0,ft.C.4,8564.916851,4,200.000000,1,COMPLETED_SUCCESSFULLY,9099.184475,138.160000,9237.344475,534.267624,672.427624,4.867021,0-3,-1.000000,""
224,w0,ft.C.4,8630.487672,4,200.000000,1,COMPLETED_SUCCESSFULLY,9099.186275,138.160000,9237.346275,468.698603,606.858603,4.392433,44-47,-1.000000,""
236,w0,lu.B.4,9032.278296,4,200.000000,1,COMPLETED_SUCCESSFULLY,9187.770475,88.580000,9276.350475,155.492179,244.072179,2.755387,4-7,-1.000000,""
240,w0,lu.B.4,9142.953976,4,200.000000,1,COMPLETED_SUCCESSFULLY,9187.771075,88.580000,9276.351075,44.817100,133.397100,1.505951,40-43,-1.000000,""
242,w0,lu.B.4,9219.873389,4,200.000000,1,COMPLETED_SUCCESSFULLY,9219.875189,88.580000,9308.455189,0.001800,88.581800,1.000020,48-51,-1.000000,""
144,w0,ft.C.8,5270.321689,8,300.000000,1,COMPLETED_SUCCESSFULLY,9200.746475,170.800000,9371.546475,3930.424787,4101.224787,24.011855,56-63,-1.000000,""
148,w0,ft.C.8,5402.796487,8,300.000000,1,COMPLETED_SUCCESSFULLY,9276.354275,170.800000,9447.154275,3873.557789,4044.357789,23.678910,0-7,-1.000000,""
149,w0,ft.D.8,5439.987005,8,300.000000,1,COMPLETED_SUCCESSFULLY,9276.354875,172.940000,9449.294875,3836.367871,4009.307871,23.183230,40-47,-1.000000,""
150,w0,ft.C.8,5534.161932,8,300.000000,1,COMPLETED_SUCCESSFULLY,9308.457389,170.800000,9479.257389,3774.295457,3945.095457,23.097749,48-55,-1.000000,""
151,w0,ft.D.8,5635.151456,8,300.000000,1,COMPLETED_SUCCESSFULLY,9371.548675,172.940000,9544.488675,3736.397219,3909.337219,22.605165,56-63,-1.000000,""
153,w0,ft.C.8,5692.778032,8,300.000000,1,COMPLETED_SUCCESSFULLY,9447.156475,170.800000,9617.956475,3754.378443,3925.178443,22.981138,0-7,-1.000000,""
154,w0,ft.D.8,5694.415826,8,300.000000,1,COMPLETED_SUCCESSFULLY,9449.297075,172.940000,9622.237075,3754.881249,3927.821249,22.712046,40-47,-1.000000,""
155,w0,ft.C.8,5784.725495,8,300.000000,1,COMPLETED_SUCCESSFULLY,9479.259589,170.800000,9650.059589,3694.534095,3865.334095,22.630762,48-55,-1.000000,""
157,w0,ft.C.8,5867.071936,8,300.000000,1,COMPLETED_SUCCESSFULLY,9544.490875,170.800000,9715.290875,3677.418939,3848.218939,22.530556,56-63,-1.000000,""
160,w0,ft.D.8,5974.772546,8,300.000000,1,COMPLETED_SUCCESSFULLY,9617.958675,172.940000,9790.898675,3643.186129,3816.126129,22.066186,0-7,-1.000000,""
161,w0,ft.D.8,6004.444736,8,300.000000,1,COMPLETED_SUCCESSFULLY,9622.239275,172.940000,9795.179275,3617.794540,3790.734540,21.919362,40-47,-1.000000,""
163,w0,ft.D.8,6107.150490,8,300.000000,1,COMPLETED_SUCCESSFULLY,9650.061789,172.940000,9823.001789,3542.911300,3715.851300,21.486361,48-55,-1.000000,""
169,w0,ft.D.8,6300.752568,8,300.000000,1,COMPLETED_SUCCESSFULLY,9715.293075,172.940000,9888.233075,3414.540508,3587.480508,20.744076,56-63,-1.000000,""
172,w0,ft.D.8,6468.869855,8,300.000000,1,COMPLETED_SUCCESSFULLY,9790.900875,172.940000,9963.840875,3322.031020,3494.971020,20.209154,0-7,-1.000000,""
176,w0,ft.C.8,6590.253299,8,300.000000,1,COMPLETED_SUCCESSFULLY,9795.181475,170.800000,9965.981475,3204.928177,3375.728177,19.764216,40-47,-1.000000,""
177,w0,ft.C.8,6653.489698,8,300.000000,1,COMPLETED_SUCCESSFULLY,9823.003989,170.800000,9993.803989,3169.514291,3340.314291,19.556875,48-55,-1.000000,""
178,w0,ft.D.8,6745.598382,8,300.000000,1,COMPLETED_SUCCESSFULLY,9888.235275,172.940000,10061.175275,3142.636893,3315.576893,19.171834,56-63,-1.000000,""
179,w0,ft.C.8,6834.358112,8,300.000000,1,COMPLETED_SUCCESSFULLY,9963.843075,170.800000,10134.643075,3129.484963,3300.284963,19.322511,0-7,-1.000000,""
183,w0,ft.D.8,6943.096991,8,300.000000,1,COMPLETED_SUCCESSFULLY,9965.983675,172.940000,10138.923675,3022.886684,3195.826684,18.479396,40-47,-1.000000,""
186,w0,ft.D.8,7107.323272,8,300.000000,1,COMPLETED_SUCCESSFULLY,9993.806189,172.940000,10166.746189,2886.482917,3059.422917,17.690661,48-55,-1.000000,""
187,w0,ft.D.8,7144.252800,8,300.000000,1,COMPLETED_SUCCESSFULLY,10061.177475,172.940000,10234.117475,2916.924675,3089.864675,17.866686,56-63,-1.000000,""
188,w0,ft.C.8,7172.487295,8,300.000000,1,COMPLETED_SUCCESSFULLY,10134.645275,170.800000,10305.445275,2962.157980,3132.957980,18.342845,0-7,-1.000000,""
189,w0,ft.C.8,7184.141181,8,300.000000,1,COMPLETED_SUCCESSFULLY,10138.925875,170.800000,10309.725875,2954.784694,3125.584694,18.299676,40-47,-1.000000,""
194,w0,ft.C.8,7433.005841,8,300.000000,1,COMPLETED_SUCCESSFULLY,10166.748389,170.800000,10337.548389,2733.742549,2904.542549,17.005518,48-55,-1.000000,""
131,w0,ft.D.32,5060.953120,32,2400.000000,1,COMPLETED_SUCCESSFULLY,8926.239675,1446.030000,10372.269675,3865.286555,5311.316555,3.673033,8-39,-1.000000,""
202,w0,ft.C.8,8022.371113,8,300.000000,1,COMPLETED_SUCCESSFULLY,10234.119675,170.800000,10404.919675,2211.748563,2382.548563,13.949348,56-63,-1.000000,""
203,w0,ft.C.8,8084.121547,8,300.000000,1,COMPLETED_SUCCESSFULLY,10305.447475,170.800000,10476.247475,2221.325929,2392.125929,14.005421,0-7,-1.000000,""
162,w0,lu.C.16,6052.775518,16,200.000000,1,COMPLETED_SUCCESSFULLY,10372.272475,104.880000,10477.152475,4319.496957,4424.376957,42.185135,24-39,-1.000000,""
204,w0,ft.D.8,8089.407450,8,300.000000,1,COMPLETED_SUCCESSFULLY,10309.728075,172.940000,10482.668075,2220.320626,2393.260626,13.838676,40-47,-1.000000,""
159,w0,ft.D.16,5946.294011,16,200.000000,1,COMPLETED_SUCCESSFULLY,10372.271875,113.940000,10486.211875,4425.977864,4539.917864,39.844812,8-23,-1.000000,""
207,w0,ft.D.8,8273.862629,8,300.000000,1,COMPLETED_SUCCESSFULLY,10337.550590,172.940000,10510.490590,2063.687960,2236.627960,12.932971,48-55,-1.000000,""
140,w0,is.D.64,5245.411885,64,200.000000,1,COMPLETED_SUCCESSFULLY,10510.492790,78.660000,10589.152790,5265.080905,5343.740905,67.934667,0-63,-1.000000,""
147,w0,is.D.64,5367.334489,64,200.000000,1,COMPLETED_SUCCESSFULLY,10589.154990,78.660000,10667.814990,5221.820501,5300.480501,67.384700,0-63,-1.000000,""
174,w0,ft.C.16,6483.456351,16,200.000000,1,COMPLETED_SUCCESSFULLY,10667.817790,113.800000,10781.617790,4184.361439,4298.161439,37.769433,16-31,-1.000000,""
180,w0,ft.C.16,6856.524426,16,200.000000,1,COMPLETED_SUCCESSFULLY,10667.818390,113.800000,10781.618390,3811.293964,3925.093964,34.491160,32-47,-1.000000,""
181,w0,ft.C.16,6920.535772,16,200.000000,1,COMPLETED_SUCCESSFULLY,10667.818990,113.800000,10781.618990,3747.283218,3861.083218,33.928675,48-63,-1.000000,""
166,w0,ft.D.16,6139.715166,16,200.000000,1,COMPLETED_SUCCESSFULLY,10667.817190,113.940000,10781.757190,4528.102024,4642.042024,40.741110,0-15,-1.000000,""
182,w0,is.D.64,6941.459149,64,200.000000,1,COMPLETED_SUCCESSFULLY,10781.759390,78.660000,10860.419390,3840.300241,3918.960241,49.821513,0-63,-1.000000,""
185,w0,lu.C.16,7077.492800,16,200.000000,1,COMPLETED_SUCCESSFULLY,10860.422190,104.880000,10965.302190,3782.929390,3887.809390,37.069121,16-31,-1.000000,""
197,w0,lu.C.16,7646.060331,16,200.000000,1,COMPLETED_SUCCESSFULLY,10860.422790,104.880000,10965.302790,3214.362460,3319.242460,31.648002,32-47,-1.000000,""
200,w0,ft.D.128,7692.591104,128,600.000000,0,REJECTED,,,,,,,,,""
184,w0,ft.C.16,7072.377436,16,200.000000,1,COMPLETED_SUCCESSFULLY,10860.421590,113.800000,10974.221590,3788.044154,3901.844154,34.286855,0-15,-1.000000,""
208,w0,ft.C.16,8336.043892,16,200.000000,1,COMPLETED_SUCCESSFULLY,10860.423390,113.800000,10974.223390,2524.379498,2638.179498,23.182597,48-63,-1.000000,""
213,w0,ft.D.16,8424.234165,16,200.000000,1,COMPLETED_SUCCESSFULLY,10974.223790,113.940000,11088.163790,2549.989625,2663.929625,23.380109,0-15,-1.000000,""
221,w0,ft.D.16,8589.691333,16,200.000000,1,COMPLETED_SUCCESSFULLY,10974.226590,113.940000,11088.166590,2384.535257,2498.475257,21.927991,48-63,-1.000000,""
222,w0,lu.C.16,8599.861758,16,200.000000,1,COMPLETED_SUCCESSFULLY,11088.165990,104.880000,11193.045990,2488.304232,2593.184232,24.725250,0-15,-1.000000,""
230,w0,lu.C.16,8751.395911,16,200.000000,1,COMPLETED_SUCCESSFULLY,11088.168790,104.880000,11193.048790,2336.772879,2441.652879,23.280443,48-63,-1.000000,""
234,w0,ft.C.16,8852.239222,16,200.000000,1,COMPLETED_SUCCESSFULLY,11193.050990,113.800000,11306.850990,2340.811768,2454.611768,21.569523,48-63,-1.000000,""
231,w0,ft.D.16,8782.090226,16,200.000000,1,COMPLETED_SUCCESSFULLY,11193.048190,113.940000,11306.988190,2410.957964,2524.897964,22.159891,0-15,-1.000000,""
238,w0,ft.D.16,9085.121429,16,200.000000,1,COMPLETED_SUCCESSFULLY,11306.853190,113.940000,11420.793190,2221.731761,2335.671761,20.499138,48-63,-1.000000,""
239,w0,ft.D.16,9105.932237,16,200.000000,1,COMPLETED_SUCCESSFULLY,11306.990390,113.940000,11420.930390,2201.058153,2314.998153,20.317695,0-15,-1.000000,""
243,w0,lu.C.16,9244.668344,16,200.000000,1,COMPLETED_SUCCESSFULLY,11420.795390,104.880000,11525.675390,2176.127046,2281.007046,21.748732,48-63,-1.000000,""
244,w0,ft.C.16,9315.964116,16,200.000000,1,COMPLETED_SUCCESSFULLY,11420.932590,113.800000,11534.732590,2104.968475,2218.768475,19.497087,0-15,-1.000000,""
246,w0,lu.C.16,9365.624246,16,200.000000,1,COMPLETED_SUCCESSFULLY,11525.677590,104.880000,11630.557590,2160.053344,2264.933344,21.595474,48-63,-1.000000,""
211,w0,ft.C.8,8371.863939,8,300.000000,1,COMPLETED_SUCCESSFULLY,11534.734790,170.800000,11705.534790,3162.870851,3333.670851,19.517979,0-7,-1.000000,""
214,w0,ft.D.8,8433.886481,8,300.000000,1,COMPLETED_SUCCESSFULLY,11534.735390,172.940000,11707.675390,3100.848909,3273.788909,18.930201,8-15,-1.000000,""
218,w0,ft.C.8,8524.573741,8,300.000000,1,COMPLETED_SUCCESSFULLY,11630.560390,170.800000,11801.360390,3105.986650,3276.786650,19.184934,56-63,-1.000000,""
217,w0,ft.D.8,8519.098672,8,300.000000,1,COMPLETED_SUCCESSFULLY,11630.559790,172.940000,11803.499790,3111.461118,3284.401118,18.991564,48-55,-1.000000,""
227,w0,ft.D.8,8662.364808,8,300.000000,1,COMPLETED_SUCCESSFULLY,11705.536990,172.940000,11878.476990,3043.172182,3216.112182,18.596694,0-7,-1.000000,""
228,w0,ft.C.8,8679.741776,8,300.000000,1,COMPLETED_SUCCESSFULLY,11707.677590,170.800000,11878.477590,3027.935814,3198.735814,18.727961,8-15,-1.000000,""
232,w0,ft.C.8,8818.750998,8,300.000000,1,COMPLETED_SUCCESSFULLY,11801.362590,170.800000,11972.162590,2982.611592,3153.411592,18.462597,56-63,-1.000000,""
237,w0,ft.D.8,9078.158350,8,300.000000,1,COMPLETED_SUCCESSFULLY,11803.501990,172.940000,11976.441990,2725.343640,2898.283640,16.758897,48-55,-1.000000,""
247,w0,ft.C.8,9370.085669,8,300.000000,1,COMPLETED_SUCCESSFULLY,11878.481390,170.800000,12049.281390,2508.395721,2679.195721,15.686158,8-15,-1.000000,""
245,w0,ft.D.8,9347.996011,8,300.000000,1,COMPLETED_SUCCESSFULLY,11878.480790,172.940000,12051.420790,2530.484779,2703.424779,15.632154,0-7,-1.000000,""
248,w0,ft.D.8,9381.779563,8,300.000000,1,COMPLETED_SUCCESSFULLY,11972.164790,172.940000,12145.104790,2590.385227,2763.325227,15.978520,56-63,-1.000000,""
198,w0,ft.E.32,7649.893341,32,2400.000000,1,COMPLETED_SUCCESSFULLY,10965.305990,1440.490000,12405.795990,3315.412649,4755.902649,3.301587,16-47,-1.000000,""
216,w0,is.D.32,8489.026795,32,200.000000,1,COMPLETED_SUCCESSFULLY,12405.798790,135.100000,12540.898790,3916.771995,4051.871995,29.991651,32-63,-1.000000,""
209,w0,ft.D.32,8336.387843,32,2400.000000,1,COMPLETED_SUCCESSFULLY,12405.798190,1446.030000,13851.828190,4069.410348,5515.440348,3.814195,0-31,-1.000000,""
225,w0,ft.D.32,8647.534901,32,2400.000000,1,COMPLETED_SUCCESSFULLY,12540.900990,1446.030000,13986.930990,3893.366089,5339.396089,3.692452,32-63,-1.000000,""
229,w0,ft.D.32,8717.014235,32,2400.000000,1,COMPLETED_SUCCESSFULLY,13851.830390,1446.030000,15297.860390,5134.816155,6580.846155,4.550975,0-31,-1.000000,""
241,w0,is.D.64,9197.926805,64,200.000000,1,COMPLETED_SUCCESSFULLY,15297.862590,78.660000,15376.522590,6099.935785,6178.595785,78.548128,0-63,-1.000000,""
249,w0,is.D.64,9420.163398,64,200.000000,1,COMPLETED_SUCCESSFULLY,15376.524790,78.660000,15455.184790,5956.361392,6035.021392,76.722876,0-63,-1.000000,""
